{
  "framework": "nextjs",
  "buildCommand": "npm run vercel-build",
  "outputDirectory": "out",
  "regions": ["iad1"],
  "images": {
    "sizes": [640, 750, 828, 1080, 1200, 1920],
    "remotePatterns": [
      {
        "protocol": "https",
        "hostname": "source.unsplash.com"
      },
      {
        "protocol": "https",
        "hostname": "images.unsplash.com"
      },
      {
        "protocol": "https",
        "hostname": "ext.same-assets.com"
      },
      {
        "protocol": "https",
        "hostname": "ugc.same-assets.com"
      }
    ]
  },
  "headers": [
    {
      "source": "/(.*)",
      "headers": [
        {
          "key": "Cache-Control",
          "value": "public, max-age=0, must-revalidate"
        }
      ]
    }
  ],
  "env": {
    "VERSION": "v4.0.0",
    "BUILD_ID": "build_vercel_deployment"
  }
}
